date,company,position,url
2023-01-16,ToundriGo,Coordonnateur(trice) aux op�rations,https://www.linkedin.com/jobs/view/3433287704/
2023-01-16,Parbleux,Charg�.e d'administration,https://www.linkedin.com/jobs/view/3429947007/
2024-03-16,Optomi Professional Services,Software Engineer in Test (Python),https://www.linkedin.com/jobs/view/3843084223/
2024-03-16,Integra Connect,Software Engineer in Test,https://www.linkedin.com/jobs/view/3817734721/
2024-03-16,BigRio,QA Automation engineer and consultant,https://www.linkedin.com/jobs/view/3847084564/
2024-03-16,Integra Connect,Software Engineer in Test,https://www.linkedin.com/jobs/view/3817739266/
2024-03-16,Inceed,QA Engineer,https://www.linkedin.com/jobs/view/3858834181/
2024-03-16,TRC Companies, Inc.,Software QA Engineer,https://www.linkedin.com/jobs/view/3840490734/
2024-03-16,Waza Info,Quality Assurance Tester,https://www.linkedin.com/jobs/view/3855735803/
2024-03-16,Mastech Digital,Software Engineer in Test (Python Developer),https://www.linkedin.com/jobs/view/3856855986/
2024-03-16,MindSource,QA (Performance),https://www.linkedin.com/jobs/view/3857355804/
2024-03-16,RightClick,Quality Assurance Engineer (18923),https://www.linkedin.com/jobs/view/3855460486/
2024-03-16,TekJobs,QA ENGINEER W2,https://www.linkedin.com/jobs/view/3848207735/
2024-03-16,Unisys,Test Automation Specialist,https://www.linkedin.com/jobs/view/3833549941/
2024-03-16,QualityWorks Consulting Group, LLC,Software Engineer In Test,https://www.linkedin.com/jobs/view/3787900534/
2024-03-16,Calypso Way,Software Engineer In Test,https://www.linkedin.com/jobs/view/3840975845/
2024-03-16,Accroid Inc,Quality Assurance Analyst,https://www.linkedin.com/jobs/view/3750195282/
2024-03-16,DivIHN Integration Inc,Test Engineer 1,https://www.linkedin.com/jobs/view/3841343870/
2024-03-16,Donato Technologies, Inc.,SDET,https://www.linkedin.com/jobs/view/3840973112/
2024-03-16,Software Technology Inc.,Python SDET,https://www.linkedin.com/jobs/view/3854509231/
2024-03-16,Wise Skulls,SDET,https://www.linkedin.com/jobs/view/3725420546/
2024-03-16,IQuest Solutions Corporation,Quality Assurance Automation Tester,https://www.linkedin.com/jobs/view/3782735415/
2024-03-16,HST Pathways,Quality Assurance Analyst,https://www.linkedin.com/jobs/view/3834717887/
2024-03-16,ParetoHealth,Quality Assurance Engineer,https://www.linkedin.com/jobs/view/3833741408/
2024-03-16,Onward,Senior Automation Engineer,https://www.linkedin.com/jobs/view/3844381456/
2024-03-16,Matlen Silver,Mobile Automation Engineer,https://www.linkedin.com/jobs/view/3854132015/
2024-03-16,FedTec,Automation Tester,https://www.linkedin.com/jobs/view/3784834896/
2024-03-16,Pyramid Consulting, Inc,Quality Assurance Analyst(IVR, CYARA, Automation),https://www.linkedin.com/jobs/view/3854691225/
2024-03-16,Ankura,Software Test & Build Engineer, Data & Technology,https://www.linkedin.com/jobs/view/3855707516/
2024-03-16,Intelliswift Software,Performance Production testing,https://www.linkedin.com/jobs/view/3764365421/
2024-03-16,Bayforce,File Testing Analyst,https://www.linkedin.com/jobs/view/3856858467/
2024-03-16,Unisys,Servicenow Tester,https://www.linkedin.com/jobs/view/3857874022/
2024-03-16,Searchability�,Quality Assurance Engineer,https://www.linkedin.com/jobs/view/3833422584/
2024-03-16,Life Science People,Quality Assurance Consultant,https://www.linkedin.com/jobs/view/3809067071/
2024-03-16,Sonitalent Corp,SDET,https://www.linkedin.com/jobs/view/3811857270/
2024-03-16,Lorven Technologies Inc.,Test Automation Engineer -- 1 year contract -- Remote,https://www.linkedin.com/jobs/view/3782094090/
2024-03-16,Trace3,DevOps,https://www.linkedin.com/jobs/view/3817467994/
2024-03-16,Accelon Inc.,QA Automation Tester IV,https://www.linkedin.com/jobs/view/3727355625/
2024-03-16,Media Riders Inc.,Software Quality Assurance Analyst,https://www.linkedin.com/jobs/view/3855492783/
2024-03-16,ActiveSoft, Inc,Software Quality Assurance (CSTE/CQA, SQL, API, Selenium) - Must work on W2,https://www.linkedin.com/jobs/view/3858815500/
2024-03-16,Cloud Security Services,QA Tester,https://www.linkedin.com/jobs/view/3787795812/
2024-03-16,United Consulting Hub,Automation Engineer,https://www.linkedin.com/jobs/view/3799077849/
2024-03-16,Workforce Connections,QA Tester,https://www.linkedin.com/jobs/view/3779854501/
2024-03-16,Steneral Consulting,QA Analyst,https://www.linkedin.com/jobs/view/3828051096/
2024-03-16,Bytebase,DevOps Engineer,https://www.linkedin.com/jobs/view/3836053631/
2024-03-16,Golden Technology,Data Quality Engineer,https://www.linkedin.com/jobs/view/3852360926/
2024-03-16,Pyramid Consulting, Inc,Lead QA Automation Test Engineer,https://www.linkedin.com/jobs/view/3843957476/
2024-03-16,Brooksource,DevOps Engineer,https://www.linkedin.com/jobs/view/3840572567/
2024-03-16,Experfy,Software Tester,https://www.linkedin.com/jobs/view/3719409288/
2024-03-16,Steneral Consulting,Testing Analyst,https://www.linkedin.com/jobs/view/3734755426/
2024-03-16,Steneral Consulting,QA Engineer,https://www.linkedin.com/jobs/view/3765017553/
2024-03-16,Steneral Consulting,Remote Work - Need QA Engineer Automated,https://www.linkedin.com/jobs/view/3836250368/
2024-03-16,Accroid Inc,E-Commerce QA Tester,https://www.linkedin.com/jobs/view/3809437668/
2024-03-16,Steneral Consulting,QA Tester- Flexi financial,https://www.linkedin.com/jobs/view/3742034020/
2024-03-16,Lorven Technologies Inc.,Mobile Automation SDET -- 1 year contract -- Remote,https://www.linkedin.com/jobs/view/3840060927/
2024-03-16,ASCENDING Inc.,Big Data SDET,https://www.linkedin.com/jobs/view/3841384974/
2024-03-16,LER TechForce,Embedded Software Engineer,https://www.linkedin.com/jobs/view/3831926387/
2024-03-16,Abidi Solutions,SDET,https://www.linkedin.com/jobs/view/3824277899/
2024-03-16,Abidi Solutions,Automation QA Engineer,https://www.linkedin.com/jobs/view/3824232981/
2024-03-16,Abidi Solutions,Quality Assurance (QA) Specialist,https://www.linkedin.com/jobs/view/3834677481/
2024-03-16,Software Technology Inc.,Python SDET,https://www.linkedin.com/jobs/view/3825017380/
2024-03-16,Wise Skulls,Java SDET,https://www.linkedin.com/jobs/view/3732887558/
2024-03-16,Software Technology Inc.,Hiring for Quality Assurance Analyst || Remote (Only from PST time zone) || Full Time,https://www.linkedin.com/jobs/view/3771447776/
2024-03-17,"SPAR Information Systems LLC","SAP Ariba / QA Engineer","https://www.linkedin.com/jobs/view/3813206466/"
2024-03-17,"Wise Skulls","Performance Tester","https://www.linkedin.com/jobs/view/3812898221/"
2024-03-17,"TekIntegral","Software Quality Assurance (SQA) Engineer :: 4 Months C2H :: Remote","https://www.linkedin.com/jobs/view/3750161124/"
2024-03-17,"eSense Incorporated","Senior QA Performance Test Engineer  100% REMOTE","https://www.linkedin.com/jobs/view/3814168268/"
2024-03-17,"Altimetrik","Quality Assurance Architect","https://www.linkedin.com/jobs/view/3840302040/"
2024-03-17,"Revel IT","Test Lead","https://www.linkedin.com/jobs/view/3854485313/"
2024-03-17,"Simpson Thacher & Bartlett LLP","Senior QA Engineer","https://www.linkedin.com/jobs/view/3849322536/"
2024-03-17,"Orion Network Solutions, Inc.","DevOps Engineer","https://www.linkedin.com/jobs/view/3851103094/"
2024-03-17,"Conga","Workday Techno-Functional Analyst","https://www.linkedin.com/jobs/view/3819269861/"
2024-03-17,"Agile Tech Labs","Software Quality Assurance Manager","https://www.linkedin.com/jobs/view/3830155363/"
2024-03-17,"Noralogic Inc","CLM TESTER at Remote","https://www.linkedin.com/jobs/view/3838643643/"
2024-03-17,"TekIntegral","SQA Engineer - Puppeteer","https://www.linkedin.com/jobs/view/3750866216/"
2024-03-17,"Intellectt Inc","Peplesoft Test Consultant","https://www.linkedin.com/jobs/view/3834690140/"
2024-03-17,"IT Minds LLC","QA Test Manager","https://www.linkedin.com/jobs/view/3771404798/"
2024-03-17,"TekIntegral","Senior Quality Assurance Automation Engineer","https://www.linkedin.com/jobs/view/3733461189/"
2024-03-17,"Optomi","Senior Software Development Engineer Test","https://www.linkedin.com/jobs/view/3842515788/"
2024-03-17,"Galaxy Infotech Inc.","Software Engineer QA","https://www.linkedin.com/jobs/view/3743719474/"
2024-03-17,"Sky Consulting Inc.","QA Automation Architect","https://www.linkedin.com/jobs/view/3782744316/"
2024-03-17,"Experfy","Automation Test Developer - IT","https://www.linkedin.com/jobs/view/3719408673/"
2024-03-17,"codeIT Tech Solutions","Guidewire QA - 100% Remote","https://www.linkedin.com/jobs/view/3826085629/"
2024-03-17,"Business Wire","Senior Software Development Engineer in Test (SDET)","https://www.linkedin.com/jobs/view/3787212245/"
2024-03-17,"Kellton","CI/CD Pipeline Analyst / Automation CI/CD Analyst.","https://www.linkedin.com/jobs/view/3757554174/"
2024-03-17,"Steneral Consulting","Guidewire Agile QA Tester","https://www.linkedin.com/jobs/view/3832033686/"
2024-03-17,"Stellar Professionals","REMOTE: Software Tester  Local to Ohio","https://www.linkedin.com/jobs/view/3813229927/"
2024-03-17,"NasTech Global, Inc.,","Quality Assurance with AS400","https://www.linkedin.com/jobs/view/3842458782/"
2024-03-17,"Software Technology Inc.","Senior Automation Tester - Remote","https://www.linkedin.com/jobs/view/3818196614/"
2024-03-17,"Lever Middleware Test Company","Test MLP Blue","https://www.linkedin.com/jobs/view/3802423847/"
2024-03-17,"Experfy","Software Engineer, QA","https://www.linkedin.com/jobs/view/3590300794/"
2024-03-17,"Unisys","Senior Software Development Engineer Test","https://www.linkedin.com/jobs/view/3837818826/"
2024-03-17,"UST","BIOS Validation Engineer","https://www.linkedin.com/jobs/view/3835358656/"
2024-03-17,"Unisys","Data SDET (Python or Java)","https://www.linkedin.com/jobs/view/3855483053/"
2024-03-17,"UST","Bios Validation Engineer","https://www.linkedin.com/jobs/view/3835359897/"
2024-03-17,"Optomi","Senior Software Development Engineer Test","https://www.linkedin.com/jobs/view/3831523816/"
2024-03-17,"Gravity IT Resources","DevOps Engineer","https://www.linkedin.com/jobs/view/3855917979/"
2024-03-17,"R2 Global","DevOps Engineer","https://www.linkedin.com/jobs/view/3857818012/"
2024-03-17,"Voltron Data","Staff DevOps Engineer","https://www.linkedin.com/jobs/view/3835743171/"
2024-03-17,"BigRio","Data DevOps Engineer- Terraform and IAC","https://www.linkedin.com/jobs/view/3849478849/"
2024-03-17,"Convene, Inc.","Sr.DevOps Engineer","https://www.linkedin.com/jobs/view/3836961090/"
2024-03-17,"Harnham","DevOps Engineer","https://www.linkedin.com/jobs/view/3854607299/"
